feature,avg_abs_weight
rerror_rate,0.06515463118677269
is_guest_login,0.055839978555401903
srv_rerror_rate,0.04353602644357363
same_srv_rate,0.04338838606202003
root_shell,0.042844850855378015
diff_srv_rate,0.036549760475993794
wrong_fragment,0.029731037348091006
dst_host_srv_rerror_rate,0.02793942991788533
srv_serror_rate,0.027900370218851073
num_shells,0.02637448580621205
is_host_login,0.025465704457501816
land,0.025447099989500756
dst_host_diff_srv_rate,0.0253816683797288
srv_diff_host_rate,0.025124785416317883
dst_host_rerror_rate,0.02436397051941257
urgent,0.023026203992283695
serror_rate,0.021632920367932455
dst_host_same_src_port_rate,0.020072357671737533
count,0.01921469804104017
dst_host_srv_serror_rate,0.018945583055067057
dst_host_count,0.01849974955800651
su_attempted,0.015053785781035191
logged_in,0.013947325105096896
num_file_creations,0.013111531864151397
dst_host_serror_rate,0.011839860873584008
dst_host_same_srv_rate,0.010911920337267855
dst_host_srv_count,0.007834898698135232
num_root,0.006957691874815582
srv_count,0.0065081746501539596
num_access_files,0.006006006937137979
num_failed_logins,0.0037269522421965393
num_compromised,0.0028951910557857086
dst_host_srv_diff_host_rate,0.002490277409199871
hot,0.0018268111229967881
service,0.001730618081691424
duration,0.001102248493909394
protocol_type,0.0010127021647688237
dst_bytes,0.0009940386074957122
flag,0.0009200119357862358
src_bytes,0.0008752139362562852
num_outbound_cmds,0.0
