feature,avg_abs_weight
rerror_rate,0.06518670304594175
is_guest_login,0.056914525551591384
srv_rerror_rate,0.044052704443538475
same_srv_rate,0.043966108379062147
root_shell,0.040791068924370184
wrong_fragment,0.030389904265297942
urgent,0.03013059242558877
is_host_login,0.028926973094983155
srv_serror_rate,0.02809076896666908
dst_host_same_src_port_rate,0.027843744239508725
dst_host_srv_rerror_rate,0.026330481994983383
srv_diff_host_rate,0.024772998419057925
diff_srv_rate,0.023085470397517665
serror_rate,0.022154620312618004
land,0.022100497650138527
dst_host_diff_srv_rate,0.021156741512518264
dst_host_rerror_rate,0.019696134171445192
dst_host_srv_serror_rate,0.019017679337127502
dst_host_count,0.018760158756974666
num_shells,0.017606203847153938
su_attempted,0.01676404110435871
logged_in,0.014763728044070628
num_file_creations,0.012045348006525894
dst_host_serror_rate,0.011905171052924662
dst_host_same_srv_rate,0.008503596502926704
count,0.008343465953547567
dst_host_srv_count,0.007860693158534993
num_root,0.007666967370578263
num_access_files,0.006543004067076712
srv_count,0.006227023700152436
service,0.0053244188144637855
num_failed_logins,0.004073731023936089
dst_host_srv_diff_host_rate,0.0026035421400862203
num_compromised,0.002211219294419808
hot,0.001996650396580431
flag,0.0013943930618100433
duration,0.0011714421425003713
protocol_type,0.0009257158793250194
dst_bytes,0.0008906514521222584
src_bytes,0.0007656953273781063
num_outbound_cmds,0.0
