feature,avg_abs_weight
rerror_rate,0.06581405926446773
is_guest_login,0.0542198824663355
root_shell,0.04740390909795249
same_srv_rate,0.04552916748547076
srv_rerror_rate,0.045267209221073135
land,0.04395374473457267
wrong_fragment,0.03813365466610273
urgent,0.03774476827758494
is_host_login,0.03243058749044614
srv_serror_rate,0.03049558144302755
dst_host_srv_rerror_rate,0.02497453700602778
srv_diff_host_rate,0.023703365744065223
serror_rate,0.021672082134938785
diff_srv_rate,0.021096881974170176
dst_host_srv_serror_rate,0.019527792337995835
dst_host_count,0.019214244190308365
num_shells,0.018888142244641033
dst_host_diff_srv_rate,0.016275579106533405
logged_in,0.01391677752199675
dst_host_serror_rate,0.012348193463611653
dst_host_rerror_rate,0.012111716918348727
dst_host_same_src_port_rate,0.011567428419218997
count,0.010089073770094005
srv_count,0.007271736112715367
dst_host_same_srv_rate,0.007114664623361846
dst_host_srv_count,0.00698971878271852
num_file_creations,0.006743906413189839
num_access_files,0.006213313573088225
num_root,0.004207136035205533
num_failed_logins,0.0026268942914742166
num_compromised,0.0023360176919663403
dst_bytes,0.002259473931165889
service,0.001981558701805606
src_bytes,0.001420164887159497
dst_host_srv_diff_host_rate,0.00100840791752113
hot,0.0009152523151977576
protocol_type,0.0008831641053039284
flag,0.0007724386349060339
duration,0.0002658815583800023
num_outbound_cmds,0.0
su_attempted,0.0
