feature,avg_abs_weight
rerror_rate,0.06495819282593651
is_guest_login,0.0558974372472281
srv_rerror_rate,0.04368826034954321
same_srv_rate,0.04325291928453606
root_shell,0.043244872521240735
wrong_fragment,0.029807835856604556
dst_host_srv_rerror_rate,0.029303929262319433
srv_serror_rate,0.027928088171226537
dst_host_rerror_rate,0.0268128156554631
is_host_login,0.025783367960109164
srv_diff_host_rate,0.025223527780559293
num_shells,0.025187910438531684
land,0.023534534761427927
urgent,0.021845450494746625
serror_rate,0.02172226405666478
diff_srv_rate,0.02065827585424206
count,0.020130857270193293
dst_host_srv_serror_rate,0.018848003104212904
dst_host_count,0.01856332370482517
dst_host_diff_srv_rate,0.016728812249472643
dst_host_same_src_port_rate,0.01468199587556852
logged_in,0.01394507999039687
su_attempted,0.01383943254813573
num_file_creations,0.013049514861703661
dst_host_serror_rate,0.011838695114345939
dst_host_same_srv_rate,0.010441085454857089
srv_count,0.009512252645630171
num_root,0.008176231324656103
dst_host_srv_count,0.0076136756872343895
num_access_files,0.006574174609943144
service,0.005465900010934793
num_failed_logins,0.003947969037697219
num_compromised,0.003186510702841342
dst_host_srv_diff_host_rate,0.0024226008314570634
hot,0.0019048457259648551
flag,0.001261859997975415
duration,0.0011483318814228276
protocol_type,0.00103768352094559
dst_bytes,0.0008258078700136211
src_bytes,0.0008105553526658934
num_outbound_cmds,0.0
