feature,avg_abs_weight
rerror_rate,0.06457709702264977
is_guest_login,0.052436937438896186
srv_rerror_rate,0.044801977140022424
same_srv_rate,0.043355381727397176
num_shells,0.035121575638503655
wrong_fragment,0.03456681869938555
root_shell,0.03320230992427849
srv_serror_rate,0.030956365909081414
is_host_login,0.026859782021593295
srv_diff_host_rate,0.025262226743782708
diff_srv_rate,0.021959331255517925
serror_rate,0.021305684108592578
dst_host_same_src_port_rate,0.020795914491021812
dst_host_srv_serror_rate,0.019167622560212972
num_root,0.01914417114870659
dst_host_count,0.01669851513529174
dst_host_srv_rerror_rate,0.01634398704495762
logged_in,0.01499382649476324
urgent,0.014547041530370085
dst_host_rerror_rate,0.014153841842045746
dst_host_serror_rate,0.012150903815074877
land,0.010961345864225487
dst_host_same_srv_rate,0.009868204117087616
dst_host_srv_count,0.0096633211959769
num_file_creations,0.009299380035093648
count,0.009215376547501295
dst_host_diff_srv_rate,0.008836425189397342
srv_count,0.005295936979960144
num_failed_logins,0.00439415062801179
duration,0.0024726339471734388
hot,0.0022600743459387064
dst_host_srv_diff_host_rate,0.0018612266909313951
num_access_files,0.0011698552954782894
dst_bytes,0.0010346710037885173
src_bytes,0.0010140417138464366
num_compromised,0.0008987924544270741
protocol_type,0.0004495129156074695
service,0.000449501485157573
flag,0.0003564636739190341
su_attempted,0.0
num_outbound_cmds,0.0
