feature,avg_abs_weight
rerror_rate,0.06158062274466935
is_guest_login,0.05617902625404231
srv_rerror_rate,0.04403915974215506
same_srv_rate,0.0439997507489617
root_shell,0.043381955918686675
wrong_fragment,0.03144698509172228
srv_serror_rate,0.02838258297178256
num_shells,0.026668086539306694
srv_diff_host_rate,0.02537620521840726
land,0.02521148253255944
diff_srv_rate,0.024893989366831983
is_host_login,0.024839501437802506
dst_host_srv_rerror_rate,0.02464220822506284
urgent,0.024299015926449116
serror_rate,0.021899055553510214
dst_host_diff_srv_rate,0.021704462244046343
dst_host_rerror_rate,0.020034779010713117
dst_host_srv_serror_rate,0.01936029418252694
dst_host_count,0.01847390089099795
su_attempted,0.01724461206098824
dst_host_same_src_port_rate,0.01495887505537683
logged_in,0.014289574667670018
num_file_creations,0.013057390581042428
dst_host_serror_rate,0.012173225722759176
dst_host_srv_count,0.009479479939871176
count,0.008299378457223977
dst_host_same_srv_rate,0.008272484523889925
num_root,0.008108135257071667
num_access_files,0.006933859278206844
srv_count,0.00666344378336756
num_failed_logins,0.00408328499292848
num_compromised,0.0031500816796698103
dst_host_srv_diff_host_rate,0.002380992270542752
service,0.002049762808019832
hot,0.0019322660600411701
protocol_type,0.0011976710196378618
duration,0.0011352094535492304
src_bytes,0.0010532668430640886
flag,0.0009150885059623215
dst_bytes,0.0008826483388270158
num_outbound_cmds,0.0
