{
  "fidelity_accuracy": 0.9900946185688941,
  "confusion_matrix": [
    [
      2796,
      25
    ],
    [
      42,
      3901
    ]
  ],
  "report": {
    "0": {
      "precision": 0.985200845665962,
      "recall": 0.9911378943637008,
      "f1-score": 0.988160452376745,
      "support": 2821.0
    },
    "1": {
      "precision": 0.9936321956189506,
      "recall": 0.9893482120213036,
      "f1-score": 0.9914855763121108,
      "support": 3943.0
    },
    "accuracy": 0.9900946185688941,
    "macro avg": {
      "precision": 0.9894165206424563,
      "recall": 0.9902430531925022,
      "f1-score": 0.9898230143444279,
      "support": 6764.0
    },
    "weighted avg": {
      "precision": 0.9901158091290954,
      "recall": 0.9900946185688941,
      "f1-score": 0.9900987970954244,
      "support": 6764.0
    }
  }
}